﻿"LOCATION","Country","INDICATOR","Indicator","TIME","Time","Value","Flag Codes","Flags"
"AUS","Australia","BUSRDI1","Public support to business R&D and innovation","2005","2005",13.00141306,"r","Data for 2006."
"AUS","Australia","BUSRDI1","Public support to business R&D and innovation","LATEST","2010 or latest year available",13.0511453,,
"AUT","Austria","BUSRDI1","Public support to business R&D and innovation","2005","2005",26.26222351,"k; r","Underestimated or based on underestimated data.; Data for 2006."
"AUT","Austria","BUSRDI1","Public support to business R&D and innovation","LATEST","2010 or latest year available",29.93727792,"k","Underestimated or based on underestimated data."
"BEL","Belgium","BUSRDI1","Public support to business R&D and innovation","LATEST","2010 or latest year available",25.87738786,,
"CAN","Canada","BUSRDI1","Public support to business R&D and innovation","2005","2005",23.03168371,"c","National estimate or projection."
"CAN","Canada","BUSRDI1","Public support to business R&D and innovation","LATEST","2010 or latest year available",23.59962073,"b","Secretariat estimate or projection based on national sources."
"CHL","Chile","BUSRDI1","Public support to business R&D and innovation","LATEST","2010 or latest year available",2.010761551,,
"CZE","Czech Republic","BUSRDI1","Public support to business R&D and innovation","2005","2005",25.57276576,,
"CZE","Czech Republic","BUSRDI1","Public support to business R&D and innovation","LATEST","2010 or latest year available",23.19743953,,
"DNK","Denmark","BUSRDI1","Public support to business R&D and innovation","2005","2005",19.71914639,"k","Underestimated or based on underestimated data."
"DNK","Denmark","BUSRDI1","Public support to business R&D and innovation","LATEST","2010 or latest year available",17.58232921,"b","Secretariat estimate or projection based on national sources."
"EST","Estonia","BUSRDI1","Public support to business R&D and innovation","2005","2005",7.221945939,,
"EST","Estonia","BUSRDI1","Public support to business R&D and innovation","LATEST","2010 or latest year available",12.6433499,,
"FIN","Finland","BUSRDI1","Public support to business R&D and innovation","2005","2005",10.39410138,,
"FIN","Finland","BUSRDI1","Public support to business R&D and innovation","LATEST","2010 or latest year available",6.996492642,,
"FRA","France","BUSRDI1","Public support to business R&D and innovation","2005","2005",19.86342231,"b","Secretariat estimate or projection based on national sources."
"FRA","France","BUSRDI1","Public support to business R&D and innovation","LATEST","2010 or latest year available",33.75233727,"b","Secretariat estimate or projection based on national sources."
"DEU","Germany","BUSRDI1","Public support to business R&D and innovation","2005","2005",10.88729383,"j; k","Overestimated or based on overestimated data.; Underestimated or based on underestimated data."
"DEU","Germany","BUSRDI1","Public support to business R&D and innovation","LATEST","2010 or latest year available",10.14230379,"j; k","Overestimated or based on overestimated data.; Underestimated or based on underestimated data."
"HUN","Hungary","BUSRDI1","Public support to business R&D and innovation","2005","2005",20.07002367,"k","Underestimated or based on underestimated data."
"HUN","Hungary","BUSRDI1","Public support to business R&D and innovation","LATEST","2010 or latest year available",27.6416665,"k","Underestimated or based on underestimated data."
"IRL","Ireland","BUSRDI1","Public support to business R&D and innovation","2005","2005",20.38187189,,
"IRL","Ireland","BUSRDI1","Public support to business R&D and innovation","LATEST","2010 or latest year available",30.28667961,,
"JPN","Japan","BUSRDI1","Public support to business R&D and innovation","2005","2005",16.85071851,,
"JPN","Japan","BUSRDI1","Public support to business R&D and innovation","LATEST","2010 or latest year available",10.22991613,,
"KOR","Korea","BUSRDI1","Public support to business R&D and innovation","2005","2005",31.78407053,"t","Data for 2008."
"KOR","Korea","BUSRDI1","Public support to business R&D and innovation","LATEST","2010 or latest year available",31.07406922,,
"LUX","Luxembourg","BUSRDI1","Public support to business R&D and innovation","2005","2005",26.87911114,,
"LUX","Luxembourg","BUSRDI1","Public support to business R&D and innovation","LATEST","2010 or latest year available",7.672646719,,
"MEX","Mexico","BUSRDI1","Public support to business R&D and innovation","2005","2005",9.276183957,"c","National estimate or projection."
"MEX","Mexico","BUSRDI1","Public support to business R&D and innovation","LATEST","2010 or latest year available",5.428179905,,
"NLD","Netherlands","BUSRDI1","Public support to business R&D and innovation","2005","2005",12.83524958,,
"NLD","Netherlands","BUSRDI1","Public support to business R&D and innovation","LATEST","2010 or latest year available",17.43599728,,
"NZL","New Zealand","BUSRDI1","Public support to business R&D and innovation","2005","2005",14.23672194,"b","Secretariat estimate or projection based on national sources."
"NZL","New Zealand","BUSRDI1","Public support to business R&D and innovation","LATEST","2010 or latest year available",6.4935117,,
"NOR","Norway","BUSRDI1","Public support to business R&D and innovation","2005","2005",17.21168428,,
"NOR","Norway","BUSRDI1","Public support to business R&D and innovation","LATEST","2010 or latest year available",15.32341813,,
"POL","Poland","BUSRDI1","Public support to business R&D and innovation","2005","2005",6.585358499,"r","Data for 2006."
"POL","Poland","BUSRDI1","Public support to business R&D and innovation","LATEST","2010 or latest year available",5.280307535,,
"PRT","Portugal","BUSRDI1","Public support to business R&D and innovation","2005","2005",15.5232258,"c; r","National estimate or projection.; Data for 2006."
"PRT","Portugal","BUSRDI1","Public support to business R&D and innovation","LATEST","2010 or latest year available",24.42098426,,
"SVN","Slovenia","BUSRDI1","Public support to business R&D and innovation","2005","2005",10.91375949,"b","Secretariat estimate or projection based on national sources."
"SVN","Slovenia","BUSRDI1","Public support to business R&D and innovation","LATEST","2010 or latest year available",35.0279512,"b","Secretariat estimate or projection based on national sources."
"ZAF","South Africa","BUSRDI1","Public support to business R&D and innovation","2005","2005",26.45478303,"r","Data for 2006."
"ZAF","South Africa","BUSRDI1","Public support to business R&D and innovation","LATEST","2010 or latest year available",29.20824412,,
"ESP","Spain","BUSRDI1","Public support to business R&D and innovation","2005","2005",21.26885727,,
"ESP","Spain","BUSRDI1","Public support to business R&D and innovation","LATEST","2010 or latest year available",23.34555252,,
"SWE","Sweden","BUSRDI1","Public support to business R&D and innovation","2005","2005",13.18824362,,
"SWE","Sweden","BUSRDI1","Public support to business R&D and innovation","LATEST","2010 or latest year available",14.78607859,,
"CHE","Switzerland","BUSRDI1","Public support to business R&D and innovation","2005","2005",5.125548892,"k; q","Underestimated or based on underestimated data.; Data for 2004."
"CHE","Switzerland","BUSRDI1","Public support to business R&D and innovation","LATEST","2010 or latest year available",5.125548892,"g","Federal or central government only."
"TUR","Turkey","BUSRDI1","Public support to business R&D and innovation","LATEST","2010 or latest year available",19.11567502,,
"GBR","United Kingdom","BUSRDI1","Public support to business R&D and innovation","2005","2005",22.39507043,,
"GBR","United Kingdom","BUSRDI1","Public support to business R&D and innovation","LATEST","2010 or latest year available",24.56659113,"l","Provisional."
"USA","United States","BUSRDI1","Public support to business R&D and innovation","2005","2005",25.21581693,"g; i; k","Federal or central government only.; Excludes most or all capital expenditure.; Underestimated or based on underestimated data."
"USA","United States","BUSRDI1","Public support to business R&D and innovation","LATEST","2010 or latest year available",33.4711623,"g; i; k","Federal or central government only.; Excludes most or all capital expenditure.; Underestimated or based on underestimated data."
"MED","OECD sample median","BUSRDI1","Public support to business R&D and innovation","2005","2005",17.0312014,,
"MED","OECD sample median","BUSRDI1","Public support to business R&D and innovation","LATEST","2010 or latest year available",17.582,,
"AUS","Australia","BUSRDI2","Direct funding of business R&D and innovation","2005","2005",45.65808064,,
"AUS","Australia","BUSRDI2","Direct funding of business R&D and innovation","LATEST","2010 or latest year available",23.88328771,,
"AUT","Austria","BUSRDI2","Direct funding of business R&D and innovation","2005","2005",73.01535457,"k; r","Underestimated or based on underestimated data.; Data for 2006."
"AUT","Austria","BUSRDI2","Direct funding of business R&D and innovation","LATEST","2010 or latest year available",62.31804042,"k","Underestimated or based on underestimated data."
"BEL","Belgium","BUSRDI2","Direct funding of business R&D and innovation","LATEST","2010 or latest year available",51.91284332,,
"CAN","Canada","BUSRDI2","Direct funding of business R&D and innovation","2005","2005",13.18225343,,
"CAN","Canada","BUSRDI2","Direct funding of business R&D and innovation","LATEST","2010 or latest year available",12.24076884,"c; l","National estimate or projection.; Provisional."
"CHL","Chile","BUSRDI2","Direct funding of business R&D and innovation","LATEST","2010 or latest year available",99.22819747,,
"CZE","Czech Republic","BUSRDI2","Direct funding of business R&D and innovation","2005","2005",81.68857718,,
"CZE","Czech Republic","BUSRDI2","Direct funding of business R&D and innovation","LATEST","2010 or latest year available",82.34947978,,
"DNK","Denmark","BUSRDI2","Direct funding of business R&D and innovation","2005","2005",26.19010201,,
"DNK","Denmark","BUSRDI2","Direct funding of business R&D and innovation","LATEST","2010 or latest year available",33.73229198,"c; l","National estimate or projection.; Provisional."
"EST","Estonia","BUSRDI2","Direct funding of business R&D and innovation","2005","2005",100,,
"EST","Estonia","BUSRDI2","Direct funding of business R&D and innovation","LATEST","2010 or latest year available",100,,
"FIN","Finland","BUSRDI2","Direct funding of business R&D and innovation","2005","2005",100,,
"FIN","Finland","BUSRDI2","Direct funding of business R&D and innovation","LATEST","2010 or latest year available",100,,
"FRA","France","BUSRDI2","Direct funding of business R&D and innovation","2005","2005",76.4649888,"b","Secretariat estimate or projection based on national sources."
"FRA","France","BUSRDI2","Direct funding of business R&D and innovation","LATEST","2010 or latest year available",34.27345255,"b","Secretariat estimate or projection based on national sources."
"DEU","Germany","BUSRDI2","Direct funding of business R&D and innovation","2005","2005",100,"j","Overestimated or based on overestimated data."
"DEU","Germany","BUSRDI2","Direct funding of business R&D and innovation","LATEST","2010 or latest year available",100,,
"HUN","Hungary","BUSRDI2","Direct funding of business R&D and innovation","2005","2005",15.30476792,,
"HUN","Hungary","BUSRDI2","Direct funding of business R&D and innovation","LATEST","2010 or latest year available",33.5049968,,
"IRL","Ireland","BUSRDI2","Direct funding of business R&D and innovation","2005","2005",34.1191067,,
"IRL","Ireland","BUSRDI2","Direct funding of business R&D and innovation","LATEST","2010 or latest year available",26.34884385,,
"JPN","Japan","BUSRDI2","Direct funding of business R&D and innovation","2005","2005",20.57970567,,
"JPN","Japan","BUSRDI2","Direct funding of business R&D and innovation","LATEST","2010 or latest year available",35.42153933,,
"KOR","Korea","BUSRDI2","Direct funding of business R&D and innovation","2005","2005",45.1588391,"t","Data for 2008."
"KOR","Korea","BUSRDI2","Direct funding of business R&D and innovation","LATEST","2010 or latest year available",50.80548178,,
"LUX","Luxembourg","BUSRDI2","Direct funding of business R&D and innovation","2005","2005",100,,
"LUX","Luxembourg","BUSRDI2","Direct funding of business R&D and innovation","LATEST","2010 or latest year available",100,,
"MEX","Mexico","BUSRDI2","Direct funding of business R&D and innovation","2005","2005",100,,
"MEX","Mexico","BUSRDI2","Direct funding of business R&D and innovation","LATEST","2010 or latest year available",100,,
"NLD","Netherlands","BUSRDI2","Direct funding of business R&D and innovation","2005","2005",33.02238806,,
"NLD","Netherlands","BUSRDI2","Direct funding of business R&D and innovation","LATEST","2010 or latest year available",21.15606936,,
"NZL","New Zealand","BUSRDI2","Direct funding of business R&D and innovation","2005","2005",100,"b","Secretariat estimate or projection based on national sources."
"NZL","New Zealand","BUSRDI2","Direct funding of business R&D and innovation","LATEST","2010 or latest year available",100,,
"NOR","Norway","BUSRDI2","Direct funding of business R&D and innovation","2005","2005",50.53220084,,
"NOR","Norway","BUSRDI2","Direct funding of business R&D and innovation","LATEST","2010 or latest year available",62.5241431,,
"POL","Poland","BUSRDI2","Direct funding of business R&D and innovation","2005","2005",99.19604462,"r","Data for 2006."
"POL","Poland","BUSRDI2","Direct funding of business R&D and innovation","LATEST","2010 or latest year available",98.81447497,,
"PRT","Portugal","BUSRDI2","Direct funding of business R&D and innovation","2005","2005",22.9713054,"c; r","National estimate or projection.; Data for 2006."
"PRT","Portugal","BUSRDI2","Direct funding of business R&D and innovation","LATEST","2010 or latest year available",20.05596984,,
"SVN","Slovenia","BUSRDI2","Direct funding of business R&D and innovation","2005","2005",100,"b","Secretariat estimate or projection based on national sources."
"SVN","Slovenia","BUSRDI2","Direct funding of business R&D and innovation","LATEST","2010 or latest year available",78.95051875,"b","Secretariat estimate or projection based on national sources."
"ZAF","South Africa","BUSRDI2","Direct funding of business R&D and innovation","2005","2005",90.6036464,"r","Data for 2006."
"ZAF","South Africa","BUSRDI2","Direct funding of business R&D and innovation","LATEST","2010 or latest year available",89.97595631,,
"ESP","Spain","BUSRDI2","Direct funding of business R&D and innovation","2005","2005",68.22112106,,
"ESP","Spain","BUSRDI2","Direct funding of business R&D and innovation","LATEST","2010 or latest year available",79.28562175,,
"SWE","Sweden","BUSRDI2","Direct funding of business R&D and innovation","2005","2005",100,,
"SWE","Sweden","BUSRDI2","Direct funding of business R&D and innovation","LATEST","2010 or latest year available",100,,
"CHE","Switzerland","BUSRDI2","Direct funding of business R&D and innovation","2005","2005",100,"g; q","Federal or central government only.; Data for 2004."
"CHE","Switzerland","BUSRDI2","Direct funding of business R&D and innovation","LATEST","2010 or latest year available",100,"g","Federal or central government only."
"TUR","Turkey","BUSRDI2","Direct funding of business R&D and innovation","LATEST","2010 or latest year available",53.26361603,,
"GBR","United Kingdom","BUSRDI2","Direct funding of business R&D and innovation","2005","2005",63.80350474,,
"GBR","United Kingdom","BUSRDI2","Direct funding of business R&D and innovation","LATEST","2010 or latest year available",53.45492447,"c; l","National estimate or projection.; Provisional."
"USA","United States","BUSRDI2","Direct funding of business R&D and innovation","2005","2005",81.08738295,"g; i; k","Federal or central government only.; Excludes most or all capital expenditure.; Underestimated or based on underestimated data."
"USA","United States","BUSRDI2","Direct funding of business R&D and innovation","LATEST","2010 or latest year available",83.8535376,"g; i","Federal or central government only.; Excludes most or all capital expenditure."
"MED","OECD sample median","BUSRDI2","Direct funding of business R&D and innovation","2005","2005",74.74017169,,
"MED","OECD sample median","BUSRDI2","Direct funding of business R&D and innovation","LATEST","2010 or latest year available",62.5241431,,
